{"total":{"Weather":{"v1/alerts/country/unitedstates/id/urn:oid:2.49.0.1.840.0.fb9c659b5f14f5d0262905582126ba7c66e4af34.001.1":5,"v1/alerts/event/windchilladvisory":2,"v1/alerts/country/unitedstates/id/urn:oid:2.49.0.1.840.0.b9b676413d1c5a93aa3ec4fec33f14f95a982064.001.1":1,"v1/alerts/country/unitedstates/id/urn:oid:2.49.0.1.840.0.e943329a6305ea49a73c4a3aa24ec02d2fd55737.004.1":2,"v1/alerts/event/winterstormwatch":1,"v1/alerts/event/freezewatch":2,"v1/alerts/id/urn:oid:2.49.0.1.840.0.b9b676413d1c5a93aa3ec4fec33f14f95a982064.001.1":1,"v1/alerts/country/unitedstates/id/urn:oid:2.49.0.1.840.0.8f80124110d9a34906277345cd2590213f93f802.005.1":1,"v1/alerts/event/windchillwarning":2,"v1/alerts/event/highwindwatch":1,"v1/alerts/country/unitedstates/id/urn:oid:2.49.0.1.840.0.9b39624dd30096d8dc1f52cc5a699874c7468d57.001.1":1,"v1/alerts/country/unitedstates/id/urn:oid:2.49.0.1.840.0.d7dd54dd749cc9445fff11d364f23f00a4f6b087.001.1":2,"v1/alerts/country/unitedstates/id/urn:oid:2.49.0.1.840.0.f3f9d2e711261280b61e0e9366c5fecad0fc1beb.002.1":1,"v1/alerts/country/unitedstates/id/urn:oid:2.49.0.1.840.0.92761fc893e239cb0370fa5c55075992c9cc8be7.001.2":3,"v1/alerts/country/unitedstates/id/urn:oid:2.49.0.1.840.0.92761fc893e239cb0370fa5c55075992c9cc8be7.003.1":1,"v1/alerts/event/severethunderstormwatch":4,"v1/alerts/country/unitedstates/id/urn:oid:2.49.0.1.840.0.f1863f75d80828fd39785f2a3fd5193107856b26.001.1":2,"v1/alerts/country/unitedstates/id/urn:oid:2.49.0.1.840.0.a3538c13ac9e25a37dc976df5405d9a77aa34ac2.001.1":1,"v1/alerts/event/heavyfreezingspraywarning":3,"v1/alerts/unitedstates/id/urn:oid:2.49.0.1.840.0.918cd4df03f9e5938a6f7e06bc1dbea74c368f2f.003.1":1,"v1/alerts/country/unitedstates/id/urn:oid:2.49.0.1.840.0.feae4c5457027261f5901af8f94481a4d49f426d.001.1":1,"v1/alerts/country/unitedstates/id/urn:oid:2.49.0.1.840.0.918cd4df03f9e5938a6f7e06bc1dbea74c368f2f.001.2":1,"v1/alerts/country/unitedstates/id/urn:oid:2.49.0.1.840.0.267d9d1868d3509a5b25cc2d2daba708818cf7cb.003.1":1,"v1/alerts/country/unitedstates/id/urn:oid:2.49.0.1.840.0.918cd4df03f9e5938a6f7e06bc1dbea74c368f2f.003.1":3,"v1/alerts/subdivision/unitedstates/minnesota":1,"v1/alerts/country/unitedstates/id/urn:oid:2.49.0.1.840.0.267d9d1868d3509a5b25cc2d2daba708818cf7cb.002.1":2,"v1/alerts/event/floodwarning":16,"v1/alerts/country/unitedstates/id/urn:oid:2.49.0.1.840.0.b06ff9c196e8a592d4f173a7b0124f217ddf1681.003.1":1,"v1/alerts/country/unitedstates/id/urn:oid:2.49.0.1.840.0.382243f31d9b73ac62b04b716b45b9893f44d016.001.1":1,"v1/alerts/event/windchillwatch":1,"v1/alerts/event/airstagnationadvisory":4,"v1/alerts/country/unitedstates/id/urn:oid:2.49.0.1.840.0.1ad1df376c852d98f0e7cad26a919027e8003267.002.1":2},"uniqueIdentifiers":["***REMOVED***","null"]},"unique":{"Weather":{"v1":{"alerts/event/heavyfreezingspraywarning":{"identifiers":["***REMOVED***","null"],"requests":2},"alerts/country/unitedstates/id/urn:oid:2.49.0.1.840.0.92761fc893e239cb0370fa5c55075992c9cc8be7.003.1":{"identifiers":["***REMOVED***"],"requests":1},"alerts/country/unitedstates/id/urn:oid:2.49.0.1.840.0.92761fc893e239cb0370fa5c55075992c9cc8be7.001.2":{"identifiers":["***REMOVED***"],"requests":1},"alerts/country/unitedstates/id/urn:oid:2.49.0.1.840.0.b9b676413d1c5a93aa3ec4fec33f14f95a982064.001.1":{"identifiers":["null"],"requests":1},"alerts/event/winterstormwatch":{"identifiers":["***REMOVED***"],"requests":1},"alerts/country/unitedstates/id/urn:oid:2.49.0.1.840.0.8f80124110d9a34906277345cd2590213f93f802.005.1":{"identifiers":["null"],"requests":1},"alerts/country/unitedstates/id/urn:oid:2.49.0.1.840.0.feae4c5457027261f5901af8f94481a4d49f426d.001.1":{"identifiers":["***REMOVED***"],"requests":1},"alerts/event/windchillwatch":{"identifiers":["***REMOVED***"],"requests":1},"alerts/subdivision/unitedstates/minnesota":{"identifiers":["null"],"requests":1},"alerts/country/unitedstates/id/urn:oid:2.49.0.1.840.0.fb9c659b5f14f5d0262905582126ba7c66e4af34.001.1":{"identifiers":["***REMOVED***"],"requests":1},"alerts/country/unitedstates/id/urn:oid:2.49.0.1.840.0.b06ff9c196e8a592d4f173a7b0124f217ddf1681.003.1":{"identifiers":["***REMOVED***"],"requests":1},"alerts/country/unitedstates/id/urn:oid:2.49.0.1.840.0.a3538c13ac9e25a37dc976df5405d9a77aa34ac2.001.1":{"identifiers":["***REMOVED***"],"requests":1},"alerts/country/unitedstates/id/urn:oid:2.49.0.1.840.0.267d9d1868d3509a5b25cc2d2daba708818cf7cb.003.1":{"identifiers":["***REMOVED***"],"requests":1},"alerts/country/unitedstates/id/urn:oid:2.49.0.1.840.0.267d9d1868d3509a5b25cc2d2daba708818cf7cb.002.1":{"identifiers":["***REMOVED***"],"requests":1},"alerts/country/unitedstates/id/urn:oid:2.49.0.1.840.0.1ad1df376c852d98f0e7cad26a919027e8003267.002.1":{"identifiers":["***REMOVED***"],"requests":1},"alerts/country/unitedstates/id/urn:oid:2.49.0.1.840.0.918cd4df03f9e5938a6f7e06bc1dbea74c368f2f.003.1":{"identifiers":["***REMOVED***","null"],"requests":2},"alerts/country/unitedstates/id/urn:oid:2.49.0.1.840.0.918cd4df03f9e5938a6f7e06bc1dbea74c368f2f.001.2":{"identifiers":["***REMOVED***"],"requests":1},"alerts/event/highwindwatch":{"identifiers":["***REMOVED***"],"requests":1},"alerts/country/unitedstates/id/urn:oid:2.49.0.1.840.0.382243f31d9b73ac62b04b716b45b9893f44d016.001.1":{"identifiers":["***REMOVED***"],"requests":1},"alerts/event/windchillwarning":{"identifiers":["***REMOVED***"],"requests":1},"alerts/event/airstagnationadvisory":{"identifiers":["***REMOVED***","null"],"requests":2},"alerts/event/severethunderstormwatch":{"identifiers":["***REMOVED***","null"],"requests":2},"alerts/event/windchilladvisory":{"identifiers":["null","***REMOVED***"],"requests":2},"alerts/country/unitedstates/id/urn:oid:2.49.0.1.840.0.9b39624dd30096d8dc1f52cc5a699874c7468d57.001.1":{"identifiers":["***REMOVED***"],"requests":1},"alerts/country/unitedstates/id/urn:oid:2.49.0.1.840.0.d7dd54dd749cc9445fff11d364f23f00a4f6b087.001.1":{"identifiers":["***REMOVED***"],"requests":1},"alerts/country/unitedstates/id/urn:oid:2.49.0.1.840.0.f3f9d2e711261280b61e0e9366c5fecad0fc1beb.002.1":{"identifiers":["***REMOVED***"],"requests":1},"alerts/country/unitedstates/id/urn:oid:2.49.0.1.840.0.f1863f75d80828fd39785f2a3fd5193107856b26.001.1":{"identifiers":["***REMOVED***"],"requests":1},"alerts/id/urn:oid:2.49.0.1.840.0.b9b676413d1c5a93aa3ec4fec33f14f95a982064.001.1":{"identifiers":["null"],"requests":1},"alerts/event/floodwarning":{"identifiers":["***REMOVED***","null"],"requests":2},"alerts/unitedstates/id/urn:oid:2.49.0.1.840.0.918cd4df03f9e5938a6f7e06bc1dbea74c368f2f.003.1":{"identifiers":["null"],"requests":1},"alerts/event/freezewatch":{"identifiers":["***REMOVED***"],"requests":1},"alerts/country/unitedstates/id/urn:oid:2.49.0.1.840.0.e943329a6305ea49a73c4a3aa24ec02d2fd55737.004.1":{"identifiers":["***REMOVED***"],"requests":1}}}},"_totalUniqueRequests":23,"_totalRequests":53,"_totalUniqueIdentifiers":2}