{"spain":{"null":{"Huelva":[37.257101,-6.949555],"Salamanca":[40.964972,-5.663047],"Barcelona":[41.385064,2.173404],"Infantes":[38.111616,-6.511989],"Badajoz":[38.880139,-6.970166],"Granada":[37.176487,-3.597929],"Seville":[37.38264,-5.996295],"Cordoba":[37.884727,-4.779152],"Jerez de la Frontera":[36.686562,-6.137173],"Valladolid":[41.652947,-4.728388],"Vigo":[42.231356,-8.712447],"Zaragoza":[41.656287,-0.876538],"Lugo":[43.012087,-7.555851],"Madrid":[40.416691,-3.700345],"Alicante":[38.345996,-0.490686],"Murcia":[37.983445,-1.12989],"Leon":[42.598726,-5.567096],"Pamplona":[42.817991,-1.644215],"Gijon":[43.545261,-5.661926],"Valencia":[39.470239,-0.376805]}},"japan":{"null":{"Aizuwakamatsu":[37.494761,139.92981],"Kumamoto":[32.8031,130.707891],"Kyoto":[35.011636,135.768029],"Akita":[39.720008,140.102564],"Takamatsu":[34.342788,134.046574],"Izushi":[33.596361,132.499015],"Kitakyushu":[33.883409,130.875216],"Tokyo":[35.689488,139.691706],"Hagi":[34.405449,131.400816],"Hakodate":[41.768793,140.72881],"Sakai":[34.573262,135.482998],"Izumo":[35.367035,132.754682],"Toyama":[36.695952,137.213677],"Aomori":[40.822072,140.747365],"Yokkaichi":[34.965157,136.624485],"Nagoya":[35.181446,136.906398],"Kanazawa":[36.561325,136.656205],"Matsumoto":[36.238038,137.972034],"Nara":[34.685087,135.805],"Naha":[26.22853,127.68911],"Hikone":[35.274461,136.259623],"Tsunoshima":[37.688,139.445777],"Gifu":[35.423298,136.760654],"Shizuoka":[34.975562,138.38276],"Okayama":[34.655146,133.919502],"Sapporo":[43.062096,141.354376],"Sendai":[38.268215,140.869356],"Takahashi":[34.791298,133.616488],"Tsu":[34.718596,136.505698],"Hamamatsu":[34.710834,137.726126],"Hiroshima":[34.385203,132.455293],"Odawara":[35.264564,139.152154],"Osaka":[34.693738,135.502165],"Fukuyama":[34.485899,133.362313],"Nagasaki":[32.750286,129.877667],"Niigata":[37.916192,139.036413]}},"germany":{"null":{"Hanover":[52.372068,9.735686],"Munich":[48.136607,11.577085],"Augsburg":[48.371441,10.898255],"Dresden":[51.050991,13.733634],"Berlin":[52.524268,13.40629],"Kiel":[54.323293,10.122765],"Stuttgart":[48.775846,9.182932],"Hamburg":[53.553815,9.991575],"Bielefeld":[52.023062,8.533072],"Bremen":[53.074981,8.807081],"Braunschweig":[52.264148,10.52638],"Leipzig":[51.339673,12.371364],"Karlsruhe":[49.009148,8.379944],"Nuremberg":[49.45052,11.08048],"Cologne":[50.937531,6.960279],"Mannheim":[49.484677,8.476724],"Neuschwanstein Castle":[47.557574,10.7498]}},"switzerland":{"null":{"Basel":[47.554722,7.590556]}},"netherlands":{"null":{"Rotterdam":[51.924216,4.481776],"Eindhoven":[51.441642,5.469723],"Utrecht":[52.090142,5.109665]}},"australia":{"null":{"Gold Coast":[-28.016667,153.4],"Adelaide":[-34.928889,138.601111],"Perth":[-31.952222,115.858889],"Twelve Apostles":[-38.665833,143.104444],"Canberra":[-35.293056,149.126944],"Newcastle":[-32.916667,151.75],"Melbourne":[-37.813611,144.963056],"Sydney":[-33.865,151.209444]}},"unitedstates":{"North Carolina":{"Greensboro":[36.072635,-79.791975],"Raleigh":[35.77959,-78.638179]},"Indiana":{"South Bend":[41.683381,-86.250007],"Indianapolis":[39.768403,-86.158068]},"Wyoming":{"Cheyenne":[41.139981,-104.820246],"Devil\u2019s Tower":[44.588333,-104.698333]},"Oklahoma":{"Oklahoma City":[35.46756,-97.516428],"Tulsa":[36.153982,-95.992775]},"Maine":{"Portland":[43.661471,-70.255326]},"Nebraska":{"Omaha":[41.252363,-95.997988]},"Colorado":{"Denver":[39.739154,-104.984703]},"Missouri":{"Springfield":[37.208957,-93.292299],"St. Louis":[38.646991,-90.224967]},"Arizona":{"Tucson":[32.221743,-110.926479],"Grand Canyon":[36.018629,-112.123547],"Phoenix":[33.448377,-112.074037],"Monument Valley":[36.998029,-110.098457],"Meteor Crater":[35.028072,-111.023197]},"Wisconsin":{"Green Bay":[44.513319,-88.013296],"Milwaukee":[43.038903,-87.906474]},"Nevada":{"Las Vegas":[36.169941,-115.13983]},"New York":{"New York":[40.705631,-73.978004],"Rochester":[43.16103,-77.610922],"Poughkeepsie":[41.700371,-73.92097],"Buffalo":[42.886447,-78.878369],"Albany":[42.652579,-73.756232]},"Rhode Island":{"Providence":[41.823989,-71.412834]},"Kentucky":{"Louisville":[38.252665,-85.758456]},"Hawaii":{"Kahului":[20.889335,-156.472947],"Kapaa":[22.088139,-159.337982],"Wailua":[22.047566,-159.335126],"Lahaina":[20.878333,-156.6825],"Oahu":[21.438912,-158.000057],"Lihue":[21.981111,-159.371111]},"South Dakota":{"Rapid City":[44.080543,-103.231015],"Mt. Rushmore":[43.880217,-103.449176]},"California":{"Catalina Island":[33.387886,-118.41631],"Lassen Volcanic National Park":[40.49766,-121.420655],"Sacramento":[38.581572,-121.4944],"Visalia":[36.330228,-119.292059],"Pinnacles National Park":[36.493686,-121.146509],"Oakland":[37.804364,-122.271114],"Bakersfield":[35.373292,-119.018713],"San Jose":[37.339386,-121.894956],"Yosemite National Park":[37.743333,-119.575833],"San Francisco":[37.77493,-122.419416],"Modesto":[37.639097,-120.996878],"Fresno":[36.747727,-119.772366],"San Diego":[32.715329,-117.15725],"Lake Tahoe":[39.127256,-120.020296],"Los Angeles":[34.052234,-118.243685],"Porterville":[36.06523,-119.016768],"Stockton":[37.957702,-121.29078]},"Kansas":{"Wichita":[37.687176,-97.330053]},"Florida":{"Tallahassee":[30.438256,-84.280733],"Pensacola":[30.421309,-87.216915],"Key West":[24.555703,-81.782591],"Miami":[25.788969,-80.226439]},"Michigan":{"Detroit":[42.331427,-83.045754]},"New Mexico":{"Albuquerque":[35.085334,-106.605553]},"Texas":{"Amarillo":[35.221997,-101.831297],"San Antonio":[29.424122,-98.493628],"Austin":[30.267153,-97.743061],"Dallas":[32.776664,-96.796988],"Houston":[29.760193,-95.36939]},"Illinois":{"Chicago":[41.878114,-87.629798]},"Ohio":{"Akron":[41.081445,-81.519005],"Columbus":[39.961176,-82.998794],"Cincinnati":[39.103118,-84.51202],"Toledo":[41.663938,-83.555212],"Cleveland":[41.499495,-81.695409]},"Maryland":{"Baltimore":[39.290385,-76.612189]},"Idaho":{"Boise":[43.615019,-116.202314]}},"hungary":{"null":{"Budapest":[47.498406,19.04075]}},"mexico":{"Mexico":{"Cuernavaca":[18.93402,-99.231483],"Oaxaca":[17.066944,-96.720278],"Hermosillo":[29.089186,-110.96133],"Acapulco":[16.853109,-99.823653],"La Paz":[24.142641,-110.312753],"Guaymas":[27.913961,-110.902075],"Cabo San Lucas":[22.890533,-109.916737],"Mexicali":[32.64557,-115.445342],"Loreto":[26.011756,-111.347753],"Tijuana":[32.533489,-117.018204],"Puerto Vallarta":[20.622018,-105.228457],"Puebla":[19.041297,-98.2062],"Ensenada":[31.866743,-116.596371],"Tulum":[20.211419,-87.46535],"Guadalajara":[20.67359,-103.343803]}},"denmark":{"null":{"Copenhagen":[55.676111,12.568333],"Aarhus":[56.15,10.216667],"Odense":[55.395833,10.388611]}},"newzealand":{"null":{"Nelson":[-41.26904,173.284041],"Christchurch":[-43.531637,172.636645],"Queenstown":[-45.031162,168.662644],"Auckland":[-36.84846,174.763332],"Dunedin":[-45.878761,170.502798],"Wellington":[-41.28646,174.776236]}},"canada":{"null":{"Vancouver":[49.260833,-123.113889],"Calgary":[51.05,-114.066667],"Montréal":[45.508889,-73.561667],"Toronto":[43.741667,-79.373333]}},"sweden":{"null":{"Visby":[57.634722,18.299167],"Gothenburg":[57.7,11.966667],"Helsingborg":[56.05,12.716667],"Stockholm":[59.329444,18.068611]}},"france":{"null":{"Bordeaux":[44.837789,-0.57918],"Angers":[47.478419,-0.563166],"Collioure":[42.526752,3.084631],"Marseille":[43.297612,5.381042],"Lille":[50.62925,3.057256],"Porto-Vecchio":[41.560233,9.335506],"Limoges":[45.833619,1.261105],"Gorges Du Verdon":[43.874544,6.50925],"Annecy":[45.899247,6.129384],"Nice":[43.696036,7.265592],"Saint-Tropez":[43.272993,6.639163],"Arcachon":[44.652297,-1.178502],"Chambord":[47.614158,1.516878],"Perpignan":[42.701574,2.89415],"La Rochelle":[46.158022,-1.153595],"Ajaccio":[41.918648,8.736879],"Nantes":[47.216842,-1.556745],"Biarritz":[43.483152,-1.558626],"Chenonceaux":[47.330742,1.065239],"Lyon":[45.764043,4.835659],"Toulouse":[43.604652,1.4442],"Bonifacio":[41.368936,9.20472],"Dijon":[47.322047,5.04148],"Millau":[44.100575,3.077801],"Reims":[49.258329,4.031696],"Mont-Saint-Michel":[48.635826,-1.510725],"Montpellier":[43.608176,3.879446],